,feature,rank
0,length_longest_word,0.6666666666666666
1,FQDN_count,0.8333333333333334
2,sld_vec,0.3333333333333333
3,private_192,0.7000000000000001
4,lower,0.8333333333333334
5,multicast,0.6666666666666666
6,entropy,0.5
7,labels_max,0.6
8,admin_multicast,0.3333333333333333
9,private_172,0.3333333333333333
10,Label,0.0
